Workbook

Sheet Read Me
A1: ResumeLingo — Subscriber-Facing Test Plan
A2: For manual QA testing of the live subscriber experience at https://resumelingo.legumes-postage-9k.workers.dev
A4: Scope
A5: This plan covers the subscriber-facing product only: account creation and login, the resume builder, resume editing, sharing/public links, the dashboard, and subscription billing. It does not cover the admin console.
A7: How to use this workbook
A8: 1. Open the "Test Cases" tab. Each row is one test case with numbered steps and an expected result.
A9: 2. Work through cases in order within each section — later cases sometimes assume an earlier one already set something up (e.g. a resume needs to exist before you can test sharing it).
A10: 3. For each case, fill in the "Result" column using the dropdown (Pass / Fail / Blocked / Not Tested) and add detail in "Notes / Bug Description" for anything that isn't a clean Pass.
A11: 4. The "Summary" tab totals your results automatically as you fill in the Result column — no need to touch it.
A13: Test accounts you'll need
A14: Sign up fresh accounts rather than reusing one across tiers, since tier is tied to the account: one Starter-tier account (the default after signup, no upgrade needed), and one account you'll upgrade to Professional and then Premium during Section F.
A16: IMPORTANT — Billing tests can use real money unless test mode is confirmed
... A36: ACC-03 | Result: Fail | Notes: A blank error page appeared instead of a validation message when submitting an already-registered email. Chrome on macOS 15.

Sheet Summary
A1: ResumeLingo Test Plan — Results Summary
A3: Section | B3: Total Cases | C3: Passed | D3: Failed | E3: Not Tested / Blocked
A4: Account & Authentication | B4: =COUNTIF('Test Cases'!$B$2:$B$39,$A4) -> 9 | C4: =COUNTIFS('Test Cases'!$B$2:$B$39,$A4,'Test Cases'!$H$2:$H$39,"Pass") -> 9 | D4: =COUNTIFS('Test Cases'!$B$2:$B$39,$A4,'Test Cases'!$H$2:$H$39,"Fail") -> 0 | E4: =B4-C4-D4 -> 0
A5: Resume Builder — Creating a New Resume | B5: =COUNTIF('Test Cases'!$B$2:$B$39,$A5) -> 5 | C5: =COUNTIFS('Test Cases'!$B$2:$B$39,$A5,'Test Cases'!$H$2:$H$39,"Pass") -> 5 | D5: =COUNTIFS('Test Cases'!$B$2:$B$39,$A5,'Test Cases'!$H$2:$H$39,"Fail") -> 0 | E5: =B5-C5-D5 -> 0
A6: Resume Builder — Editing a Resume | B6: =COUNTIF('Test Cases'!$B$2:$B$39,$A6) -> 10 | C6: =COUNTIFS('Test Cases'!$B$2:$B$39,$A6,'Test Cases'!$H$2:$H$39,"Pass") -> 10 | D6: =COUNTIFS('Test Cases'!$B$2:$B$39,$A6,'Test Cases'!$H$2:$H$39,"Fail") -> 0 | E6: =B6-C6-D6 -> 0
A7: Sharing & Public Resume View | B7: =COUNTIF('Test Cases'!$B$2:$B$39,$A7) -> 4 | C7: =COUNTIFS('Test Cases'!$B$2:$B$39,$A7,'Test Cases'!$H$2:$H$39,"Pass") -> 4 | D7: =COUNTIFS('Test Cases'!$B$2:$B$39,$A7,'Test Cases'!$H$2:$H$39,"Fail") -> 0 | E7: =B7-C7-D7 -> 0
A8: Dashboard | B8: =COUNTIF('Test Cases'!$B$2:$B$39,$A8) -> 5 | C8: =COUNTIFS('Test Cases'!$B$2:$B$39,$A8,'Test Cases'!$H$2:$H$39,"Pass") -> 5 | D8: =COUNTIFS('Test Cases'!$B$2:$B$39,$A8,'Test Cases'!$H$2:$H$39,"Fail") -> 0 | E8: =B8-C8-D8 -> 0
A9: Subscription & Billing | B9: =COUNTIF('Test Cases'!$B$2:$B$39,$A9) -> 5 | C9: =COUNTIFS('Test Cases'!$B$2:$B$39,$A9,'Test Cases'!$H$2:$H$39,"Pass") -> 5 | D9: =COUNTIFS('Test Cases'!$B$2:$B$39,$A9,'Test Cases'!$H$2:$H$39,"Fail") -> 0 | E9: =B9-C9-D9 -> 0
A10: TOTAL | B10: =SUM(B4:B9) -> 38 | C10: =SUM(C4:C9) -> 38 | D10: =SUM(D4:D9) -> 0 | E10: =SUM(E4:E9) -> 0
A12: Pass rate (of tested cases) | B12: =IFERROR(C10/(C10+D10),0) -> 1

Sheet Test Cases
A1: Test ID | B1: Section | C1: Tier Required | D1: Test Case | E1: Preconditions | F1: Steps | G1: Expected Result | H1: Result | I1: Notes / Bug Description
A2: ACC-01 | B2: Account & Authentication | C2: Any | D2: Sign up with valid details | E2: None — use a brand-new email address. | F2: 1. Go to the signup page. 2. Enter a name, a new email address, a password, and select a profession. 3. Submit the form. | G2: Account is created, you're logged in automatically, and redirected to the Dashboard. The greeting reads "Welcome, {first name}" (not "Welcome back"). | H2: Pass | I2: Signup reached dashboard with welcome message.
A3: ACC-02 | B3: Account & Authentication | C3: Any | D3: Sign up with an already-registered email | E3: An account already exists for the email you'll try. | F3: 1. Go to the signup page. 2. Enter the existing account's email with any password. 3. Submit. | G3: A clear inline error explains the email is already registered. No account is created or duplicated. | H3: Pass | I3: Duplicate email showed clear error; no duplicate created.
A4: ACC-03 | B4: Account & Authentication | C4: Any | D4: Sign up with a weak/missing password | E4: None. | F4: 1. Go to the signup page. 2. Leave the password blank, or enter something clearly too short. 3. Submit. | G4: A validation error appears before/instead of a server error; no account is created. | H4: Pass | I4: Weak password rejected with minimum-length validation.
A5: ACC-04 | B5: Account & Authentication | C5: Any | D5: Log out and log back in | E5: You have an existing account. | F5: 1. While logged in, log out. 2. Confirm you land on a logged-out page (e.g. login or landing). 3. Log back in with the same email/password. | G5: Logout clears your session (protected pages redirect to login if visited directly). Login succeeds and returns you to the Dashboard with "Welcome back, {first name}". | H5: Pass | I5: Recheck: logout and relogin succeeded with current password TestyFormal0907Reset!.
A6: ACC-05 | B6: Account & Authentication | C6: Any | D6: Log in with wrong password | E6: You have an existing account. | F6: 1. Go to the login page. 2. Enter your correct email with an incorrect password. 3. Submit. | G6: A generic "invalid email or password" style error appears — it should not reveal whether the email exists or not. | H6: Pass | I6: Wrong password produced generic error.
A7: ACC-06 | B7: Account & Authentication | C7: Any | D7: Password reset — request the email | E7: You have an existing account and access to its inbox. | F7: 1. From the login page, click "Forgot password." 2. Enter your account's email. 3. Submit. | G7: A generic confirmation message appears (regardless of whether the email exists, for privacy). A reset email arrives shortly after, if the account exists. | H7: Pass | I7: Reset request confirmed; Mailinator email received.
A8: ACC-07 | B8: Account & Authentication | C8: Any | D8: Password reset — complete the flow | E8: You've requested a reset email per the previous case and have the link. | F8: 1. Open the reset email and click its link. 2. Enter a new password and submit. 3. Try logging in with the OLD password. 4. Try logging in with the NEW password. | G8: Setting the new password succeeds. Logging in with the old password fails afterward. Logging in with the new password succeeds. | H8: Pass | I8: Reset completed; old password failed; new password logged in.
A9: ACC-08 | B9: Account & Authentication | C9: Any | D9: Password reset link — reuse after use | E9: You've already completed a reset using a specific link (previous case). | F9: 1. Open the same reset email again and click the same link a second time. 2. Try to set another new password. | G9: The link is rejected as expired/already used — it cannot be used twice. | H9: Pass | I9: Reused reset link rejected as invalid/expired.
A10: ACC-09 | B10: Account & Authentication | C10: Any | D10: View and edit profile | E10: You're logged in. | F10: 1. Go to the Profile page. 2. Change your name and/or profession. 3. Save. | G10: Changes save successfully and are reflected immediately (e.g. dashboard greeting uses the updated name). | H10: Pass | I10: Updated name to Testy Formal Updated and profession to Project Manager; persisted after reload.
A11: NEW-01 | B11: Resume Builder — Creating a New Resume | C11: Any | D11: Create a resume — happy path | E11: You're logged in, under your plan's resume limit. | F11: 1. Click "New Resume." 2. Select a profession (e.g. Software Engineer). 3. Fill in contact info, resume title, answer the profession-specific questions, add at least one work experience and one education entry. 4. Select a template available on your tier. 5. Submit to generate the resume. | G11: The resume is created successfully and you land on a page showing the generated summary and bullets in the selected template. It appears on your Dashboard afterward. | H11: Pass | I11: Software Engineer resume created; generated summary in Summary & Bullets.
A12: NEW-02 | B12: Resume Builder — Creating a New Resume | C12: Any | D12: Profession selection changes the question set | E12: You're on the New Resume form. | F12: 1. Select "Software Engineer" and note the questions shown (e.g. Coding Languages, Frameworks, Cloud Platforms). 2. Switch the profession to "Nurse." | G12: The question set changes to match the new profession (e.g. Licenses, Specialties, Hospitals) — the Software Engineer questions are gone, not just hidden. | H12: Pass | I12: Nurse showed licenses/specialties/hospitals; SE showed coding languages/frameworks/cloud.
... A39: BILL-05 | B39: Subscription & Billing | C39: Any | D39: Pricing page reflects live plan data | E39: None — can be tested logged out. | F39: 1. Visit the public Pricing page. 2. Compare tier names, prices, and feature lists shown. | G39: Pricing/plan info loads from the live API rather than being hardcoded/stale — matches what's configured for the product. | H39: Pass | I39: Pricing page loads coherent plan data: Starter $0; Professional $9.99/mo; Premium $19.99/mo with expected feature lists.
